head_node,tail_node,neglog_pval,abs_effect
ukb-b-4080,ukb-b-17271,157.64221610857422,0.310975188648501
ukb-b-4080,ukb-b-16099,149.6408902319733,0.306936421108973
ukb-b-4080,ukb-b-12039,138.1591859895343,0.388486688272417
ukb-b-4080,ukb-b-11842,141.7860102771775,0.38281747379363
ukb-b-4080,ukb-b-16446,73.03450552699908,0.200115980841247
ukb-b-1419,ukb-b-3822,28.85926410283357,0.66190681599822
ukb-b-6704,ukb-b-9405,318.8596160496588,0.791699597076559
ukb-b-6704,ukb-b-15590,222.53403957517892,0.84577634005585
ukb-b-6704,ukb-b-19393,318.8596160496588,0.962852679520935
ukb-b-6704,ukb-b-8338,141.94100675746174,0.969336038171911
ukb-b-6704,ukb-b-8909,318.8596160496588,0.666165864841692
ukb-b-6704,ukb-b-20188,318.8596160496588,0.691453595140557
ukb-b-6704,ukb-b-7212,318.8596160496588,0.754240155573945
ukb-b-6704,ukb-b-12039,318.8596160496588,0.842464900853626
ukb-b-6704,ukb-b-11842,318.8596160496588,0.838542462246471
ukb-b-6704,ukb-b-18377,250.5718113396834,0.512816421870522
ukb-b-6704,ukb-b-19953,318.8596160496588,0.954564172194275
ukb-b-6704,ukb-b-2303,318.8596160496588,0.965372298805632
ukb-b-6704,ukb-b-20044,318.8596160496588,0.94358547914582
ukb-b-6704,ukb-b-18096,318.8596160496588,0.768032669891365
ukb-b-6704,ukb-b-16407,318.8596160496588,0.778800019785329
ukb-b-6704,ukb-b-12854,318.8596160496588,0.696331933073969
ukb-b-6704,ukb-b-20531,239.56819269583963,0.517242228740514
ukb-b-5620,ukb-b-589,13.520706202058722,0.745939096037479
ukb-b-5620,ukb-b-1285,0.3010299956639812,0.966017408118192
ukb-b-5620,ukb-b-2618,318.8596160496588,0.951731423166729
ukb-b-4630,ukb-b-13653,60.82631662148641,0.0817803828324794
ukb-b-4630,ukb-b-6519,65.04021750661201,0.0922799164052036
ukb-b-4630,ukb-b-19809,66.43802792810756,0.0896798088860896
ukb-b-4630,ukb-b-9981,59.10058978634559,0.0809925840473403
ukb-b-4630,ukb-b-18994,129.96985808810473,0.0867516271749339
ukb-b-4630,ukb-b-14180,70.47818323068188,0.0967557172098928
ukb-b-14310,ukb-b-7478,92.5364504354383,0.253994126434088
ukb-b-14310,ukb-b-10787,155.9297501619204,0.48917400933804
ukb-b-14310,ukb-b-9405,210.4973694762372,0.509112216616567
ukb-b-14310,ukb-b-10215,128.26630607274106,0.289412996391366
ukb-b-14310,ukb-b-5945,0.1877861989077061,0.0155541903430606
ukb-b-14310,ukb-b-12019,57.281937977872914,0.244772648250428
ukb-b-14310,ukb-b-9093,318.8596160496588,0.855363196614855
ukb-b-14310,ukb-b-17271,318.8596160496588,0.97818734724038
ukb-b-14310,ukb-b-19925,318.8596160496588,0.893226568503414
ukb-b-14310,ukb-b-6445,0.1115457882262845,0.001060670683817
ukb-b-14310,ukb-b-19657,79.1739651782287,0.31958070425402
ukb-b-14310,ukb-b-16099,318.8596160496588,0.989072243320726
ukb-b-14310,ukb-b-7953,109.62508609991411,0.383767729535555
ukb-b-14310,ukb-b-7859,27.845772855696712,0.403735636912418
ukb-b-14310,ukb-b-14068,28.331316712492747,0.584144978225287
ukb-b-14310,ukb-b-12039,318.8596160496588,0.861353404010437
ukb-b-14310,ukb-b-11842,318.8596160496588,0.848498763900688
ukb-b-14310,ukb-b-9685,318.8596160496588,0.825569484430814
ukb-b-14310,ukb-b-18377,43.37911653919637,0.19451781680005
ukb-b-14310,ukb-b-7376,25.827698080539047,0.82696425626666
ukb-b-14310,ukb-b-16698,318.8596160496588,0.865259444903375
ukb-b-14310,ukb-b-17409,222.25261777464164,0.833982461888028
ukb-b-14310,ukb-b-16881,162.309421844521,0.53834228206523
ukb-b-14310,ukb-b-19921,57.74955255646825,0.601913355322118
ukb-b-14310,ukb-b-19520,318.8596160496588,0.876803442616717
ukb-b-14310,ukb-b-12828,25.376408553480967,0.993826688814147
ukb-b-14310,ukb-b-16446,318.8596160496588,1.00610604757541
ukb-b-14310,ukb-b-5262,0.3395042155872457,0.0116352571123464
ukb-b-14310,ukb-b-14540,318.8596160496588,0.900198252705402
ukb-b-14310,ukb-b-20531,36.85768541629336,0.180916432697896
ukb-b-14310,ukb-b-19379,290.91234201920724,0.504373368146214
ukb-b-14310,ukb-b-13354,318.8596160496588,0.960128938535211
ukb-b-6848,ukb-b-18674,11.673364317574045,0.749787641125663
ukb-b-17601,ukb-b-12930,0.82379662861394,0.43912671448558
ukb-b-1431,ukb-b-4068,291.38729830055786,0.699988447208557
ukb-b-17360,ukb-b-8746,2.3646902259199845,0.667096845614538
ukb-b-5238,ukb-b-2988,39.50797826586129,0.521705524886987
ukb-b-16407,ukb-b-15590,318.8596160496588,0.700979528421356
ukb-b-16407,ukb-b-19393,171.21723863374655,0.989177052357668
ukb-b-16407,ukb-b-8338,318.8596160496588,0.91676753650545
ukb-b-16407,ukb-b-8909,318.8596160496588,0.803581678798815
ukb-b-16407,ukb-b-20188,318.8596160496588,0.772873068209856
ukb-b-16407,ukb-b-7212,318.8596160496588,0.732768004851247
ukb-b-16407,ukb-b-18377,318.8596160496588,0.557137779471138
ukb-b-16407,ukb-b-19953,129.47327698706292,0.846978354648166
ukb-b-16407,ukb-b-2303,128.4366617883056,0.842292842914837
ukb-b-16407,ukb-b-20044,215.8021463053234,0.891637047487762
ukb-b-16407,ukb-b-6704,318.8596160496588,0.918956409536505
ukb-b-16407,ukb-b-18096,318.8596160496588,0.741314962389406
ukb-b-16407,ukb-b-12854,318.8596160496588,0.764164401065829
ukb-b-16407,ukb-b-20531,318.8596160496588,0.566700335247526
ukb-b-223,ukb-b-4462,3.2915082485007314,0.117305059387955
ukb-b-223,ukb-b-960,7.518055975560954,0.125976172503789
ukb-b-20188,ukb-b-7478,0.5467959344165508,0.0381058940002321
ukb-b-20188,ukb-b-10787,2.0770717125242077,0.110813708715193
ukb-b-20188,ukb-b-10215,7.347136260935994,0.0771107441314697
ukb-b-20188,ukb-b-19393,66.64376731156857,0.868230008141912
ukb-b-20188,ukb-b-8338,31.001458036867614,0.842155043075937
ukb-b-20188,ukb-b-7953,6.023921292265079,0.156433763649805
ukb-b-20188,ukb-b-8909,318.8596160496588,0.94352454305466
ukb-b-20188,ukb-b-7212,318.8596160496588,0.939784807015193
ukb-b-20188,ukb-b-18377,231.46107484329576,0.70912363013145
ukb-b-20188,ukb-b-19953,318.8596160496588,1.24128670094613
ukb-b-20188,ukb-b-2303,318.8596160496588,1.25506993940096
ukb-b-20188,ukb-b-20044,25.25467051556833,0.8219594146985
ukb-b-20188,ukb-b-6704,318.8596160496588,1.21934427105491
ukb-b-20188,ukb-b-5262,4.148918866041693,0.0707263318941947
ukb-b-20188,ukb-b-18096,318.8596160496588,0.953414130486832
ukb-b-20188,ukb-b-16407,318.8596160496588,1.09191953014284
ukb-b-20188,ukb-b-12854,134.48784855365022,0.956537950797139
ukb-b-20188,ukb-b-20531,318.8596160496588,0.726432649242969
ukb-b-10753,ukb-b-14609,98.44986675399356,0.509984292059228
ukb-b-8909,ukb-b-7478,5.955171654776952,0.06843562673607
ukb-b-8909,ukb-b-10787,1.6183658801672538,0.104745860172236
ukb-b-8909,ukb-b-10215,0.4995137724993174,0.0518866844543401
ukb-b-8909,ukb-b-19393,318.8596160496588,1.19795833315424
ukb-b-8909,ukb-b-8338,318.8596160496588,1.11371620231398
ukb-b-8909,ukb-b-7953,5.538113756517801,0.19212150777438
ukb-b-8909,ukb-b-20188,318.8596160496588,0.924506700583684
ukb-b-8909,ukb-b-7212,318.8596160496588,0.91842645524526
ukb-b-8909,ukb-b-18377,318.8596160496588,0.737791537357186
ukb-b-8909,ukb-b-19953,47.05216155800929,0.65057549327759
ukb-b-8909,ukb-b-2303,47.05732305906598,0.653365293376638
ukb-b-8909,ukb-b-20044,61.56878114598957,0.916264209126717
ukb-b-8909,ukb-b-5262,0.5446473262131893,0.0233988281325267
ukb-b-8909,ukb-b-6704,318.8596160496588,1.12064601140343
ukb-b-8909,ukb-b-18096,318.8596160496588,0.931257107413716
ukb-b-8909,ukb-b-16407,318.8596160496588,1.14420523954641
ukb-b-8909,ukb-b-12854,318.8596160496588,0.881400942589925
ukb-b-8909,ukb-b-20531,318.8596160496588,0.744630785301541
ukb-b-8338,ukb-b-9405,318.8596160496588,0.796788959987288
ukb-b-8338,ukb-b-15590,318.8596160496588,0.880502886697025
ukb-b-8338,ukb-b-19393,318.8596160496588,0.962572489655582
ukb-b-8338,ukb-b-8909,318.8596160496588,0.66239483398904
ukb-b-8338,ukb-b-20188,318.8596160496588,0.685186183010035
ukb-b-8338,ukb-b-7212,318.8596160496588,0.763529214943265
ukb-b-8338,ukb-b-12039,318.8596160496588,0.846248052137824
ukb-b-8338,ukb-b-11842,318.8596160496588,0.844445462384105
ukb-b-8338,ukb-b-18377,245.97978463542415,0.514786821842201
ukb-b-8338,ukb-b-19953,318.8596160496588,0.958642247135855
ukb-b-8338,ukb-b-2303,318.8596160496588,0.960451452525167
ukb-b-8338,ukb-b-20044,318.8596160496588,0.943339204109431
ukb-b-8338,ukb-b-6704,145.63822948784158,0.974692620847757
ukb-b-8338,ukb-b-18096,318.8596160496588,0.775100050484943
ukb-b-8338,ukb-b-16407,318.8596160496588,0.765877229476477
ukb-b-8338,ukb-b-12854,318.8596160496588,0.693126770929163
ukb-b-8338,ukb-b-20531,235.25242526633363,0.515497975260335
ukb-b-9127,ukb-b-14521,0.5582021891656905,0.0882262277756266
ukb-b-14521,ukb-b-9127,0.0202220229216414,0.0068451276969672
ukb-b-14521,ukb-b-7773,0.153528445358005,0.0326410864190871
ukb-b-14521,ukb-b-10415,7.71375280609175,0.699726857388681
ukb-b-14068,ukb-b-9405,2.072273874292731,0.151119523636419
ukb-b-14068,ukb-b-9093,24.96698815848881,0.38459970654346
ukb-b-14068,ukb-b-17271,47.47151975013461,0.433899682567284
ukb-b-14068,ukb-b-19925,24.52922168610199,0.376930096200336
ukb-b-14068,ukb-b-16099,28.575980546513417,0.411432387806692
ukb-b-14068,ukb-b-7859,318.8596160496588,0.530438965001541
ukb-b-14068,ukb-b-12039,10.211768295633622,0.316998912892401
ukb-b-14068,ukb-b-11842,9.261312123061726,0.214804767411534
ukb-b-14068,ukb-b-9685,43.18102328872913,0.363359935181459
ukb-b-14068,ukb-b-7376,318.8596160496588,0.965389445833028
ukb-b-14068,ukb-b-16698,23.554263741919577,0.327766598236853
ukb-b-14068,ukb-b-17409,42.82543699466293,0.363251597896171
ukb-b-14068,ukb-b-14310,51.32179161707053,0.469292119801095
ukb-b-14068,ukb-b-19953,5.177327034529615,0.356745341991314
ukb-b-14068,ukb-b-2303,5.594831812572175,0.364309737643663
ukb-b-14068,ukb-b-19921,318.8596160496588,0.735876965674291
ukb-b-14068,ukb-b-19520,8.784780537579948,0.296746164392399
ukb-b-14068,ukb-b-12828,51.3777585605137,0.472022451543999
ukb-b-14068,ukb-b-16446,20.22525208818576,0.373048716178677
ukb-b-14068,ukb-b-14540,25.509748771913568,0.356259370055882
ukb-b-14068,ukb-b-19379,318.8596160496588,0.532723416995441
ukb-b-14068,ukb-b-13354,13.99727488479302,0.471186478071883
ukb-b-3304,ukb-b-3666,16.77729706033003,0.617166221258969
ukb-b-14177,ukb-b-13352,318.8596160496588,0.988162076581793
ukb-b-3656,ukb-b-20292,40.086123468673776,0.407158297950815
ukb-b-3656,ukb-b-4063,289.4569446660758,0.758204967773472
ukb-b-19520,ukb-b-7478,160.30215634911272,0.338071083034298
ukb-b-19520,ukb-b-10787,318.8596160496588,1.04706065679232
ukb-b-19520,ukb-b-9405,216.26055606655703,0.575761167121768
ukb-b-19520,ukb-b-10215,178.97499928360637,0.353862205451078
ukb-b-19520,ukb-b-5945,0.0837229658751018,0.0074387630075571
ukb-b-19520,ukb-b-12019,73.00013727866735,0.273022208061532
ukb-b-19520,ukb-b-9093,318.8596160496588,0.99153972526254
ukb-b-19520,ukb-b-17271,318.8596160496588,0.863216278379433
ukb-b-19520,ukb-b-19925,318.8596160496588,0.990070780921177
ukb-b-19520,ukb-b-6445,0.491903799381529,0.0038911008298767
ukb-b-19520,ukb-b-19657,104.81242421299912,0.37964313010466
ukb-b-19520,ukb-b-16099,318.8596160496588,0.863062239115039
ukb-b-19520,ukb-b-7953,147.45788913960135,0.440507990062373
ukb-b-19520,ukb-b-7859,21.12702789655421,0.581685953602106
ukb-b-19520,ukb-b-14068,23.092297645955423,0.434108549691293
ukb-b-19520,ukb-b-12039,318.8596160496588,1.10498337960948
ukb-b-19520,ukb-b-11842,318.8596160496588,1.0486352587947
ukb-b-19520,ukb-b-9685,318.8596160496588,1.02542641218334
ukb-b-19520,ukb-b-18377,8.731627746963634,0.0881984405261995
ukb-b-19520,ukb-b-7376,20.570874631926443,0.416440715454165
ukb-b-19520,ukb-b-16698,318.8596160496588,0.980911068721046
ukb-b-19520,ukb-b-17409,318.8596160496588,1.02524180328291
ukb-b-19520,ukb-b-16881,147.74253832120837,0.990155999164726
ukb-b-19520,ukb-b-14310,318.8596160496588,0.939749517487115
ukb-b-19520,ukb-b-19921,20.818098440547637,0.396154070532849
ukb-b-19520,ukb-b-12828,318.8596160496588,0.964666583168565
ukb-b-19520,ukb-b-16446,318.8596160496588,1.04097604840615
ukb-b-19520,ukb-b-5262,0.2660238828122463,0.0123892606362938
ukb-b-19520,ukb-b-14540,318.8596160496588,1.02797844998639
ukb-b-19520,ukb-b-20531,23.3138848412311,0.1275896251346
ukb-b-19520,ukb-b-19379,21.072850142942297,0.576676319773584
ukb-b-19520,ukb-b-13354,318.8596160496588,1.03043462385211
ukb-b-15787,ukb-b-11025,0.9124266290710624,0.183922534092691
ukb-b-15787,ukb-b-19852,0.3359502474480636,0.100204478634393
ukb-b-15787,ukb-b-6740,0.8030181221848115,0.199363642001432
ukb-b-14371,ukb-b-18042,0.7089462846756817,0.0892484585795179
ukb-b-14371,ukb-b-14918,0.3744452486942367,0.0516819006797087
ukb-b-1285,ukb-b-589,109.82720615235888,0.774662813610493
ukb-b-1285,ukb-b-5620,318.8596160496588,0.925279310560274
ukb-b-1285,ukb-b-2618,318.8596160496588,0.951589769377805
ukb-b-18042,ukb-b-14918,3.4930775565699057,0.0760951512763458
ukb-b-18042,ukb-b-14371,0.6506474270701529,0.0594031609866649
ukb-b-589,ukb-b-1285,14.679119017338962,0.741384935014685
ukb-b-589,ukb-b-5620,12.72054332360223,0.629319736389077
ukb-b-589,ukb-b-2618,28.67578392020439,0.692710796428174
ukb-b-589,ukb-b-4068,4.586384866179476,0.629134757435956
ukb-b-8727,ukb-b-12405,8.057001482767019,0.735732881452915
ukb-b-7376,ukb-b-9405,2.320614565715744,0.189318508191463
ukb-b-7376,ukb-b-9093,8.552491058541698,0.301307467832421
ukb-b-7376,ukb-b-17271,40.10772775584874,0.448313062024305
ukb-b-7376,ukb-b-19925,9.68635367293374,0.309849114486454
ukb-b-7376,ukb-b-16099,25.11690730891884,0.424355648213857
ukb-b-7376,ukb-b-7859,318.8596160496588,0.54721252665713
ukb-b-7376,ukb-b-14068,214.97434778344515,0.94522636852812
ukb-b-7376,ukb-b-12039,10.846572880096929,0.312864557654769
ukb-b-7376,ukb-b-11842,9.239004090789429,0.312997497699435
ukb-b-7376,ukb-b-9685,25.391034343705584,0.354490526358484
ukb-b-7376,ukb-b-16698,17.20935771895845,0.310414986665594
ukb-b-7376,ukb-b-17409,25.08603592844541,0.358429153143712
ukb-b-7376,ukb-b-14310,40.10840829759896,0.462133427210181
ukb-b-7376,ukb-b-19953,5.356419594271827,0.367662390058722
ukb-b-7376,ukb-b-2303,6.985513422315089,0.367622200082366
ukb-b-7376,ukb-b-19921,318.8596160496588,0.751387625438782
ukb-b-7376,ukb-b-19520,19.566618588184,0.413411520856314
ukb-b-7376,ukb-b-12828,41.32837687901559,0.473862124905368
ukb-b-7376,ukb-b-16446,30.58778742247336,0.409848708084649
ukb-b-7376,ukb-b-14540,40.88447287600888,0.412870847276767
ukb-b-7376,ukb-b-19379,318.8596160496588,0.53407610802077
ukb-b-7376,ukb-b-13354,39.17224056857827,0.399549869892423
ukb-b-12930,ukb-b-17601,12.823698110534709,0.778726263217719
ukb-b-2988,ukb-b-5238,20.202581783732427,0.727321559304712
ukb-b-18096,ukb-b-15590,108.80871078462891,0.847353340464042
ukb-b-18096,ukb-b-19393,318.8596160496588,1.17162996030818
ukb-b-18096,ukb-b-8338,233.54390171740437,1.1808022916739
ukb-b-18096,ukb-b-8909,318.8596160496588,0.83841597088184
ukb-b-18096,ukb-b-7212,148.75815251281594,0.970344723646716
ukb-b-18096,ukb-b-20188,318.8596160496588,0.820916027514716
ukb-b-18096,ukb-b-18377,318.8596160496588,0.656181758331303
ukb-b-18096,ukb-b-19953,318.8596160496588,1.15749849781487
ukb-b-18096,ukb-b-2303,318.8596160496588,1.17092860321303
ukb-b-18096,ukb-b-20044,36.15256176120478,0.914814429676667
ukb-b-18096,ukb-b-6704,318.8596160496588,1.15964088328756
ukb-b-18096,ukb-b-16407,318.8596160496588,0.946735100781956
ukb-b-18096,ukb-b-12854,318.8596160496588,0.819486135821758
ukb-b-18096,ukb-b-20531,318.8596160496588,0.655361094126948
ukb-b-7478,ukb-b-10787,25.757561264085968,0.307206462880834
ukb-b-7478,ukb-b-10215,99.1350575499038,0.916336259565109
ukb-b-7478,ukb-b-5945,0.9682107993430488,0.0295030486273046
ukb-b-7478,ukb-b-17271,20.998014423548724,0.234165189336545
ukb-b-7478,ukb-b-12019,47.17032294267425,0.396757910419141
ukb-b-7478,ukb-b-9093,19.7124520661434,0.333439848506827
ukb-b-7478,ukb-b-19925,19.343716476357336,0.331776167235501
ukb-b-7478,ukb-b-19657,58.83550569643391,0.490926428408759
ukb-b-7478,ukb-b-16099,31.08788434926864,0.356898471842493
ukb-b-7478,ukb-b-7953,64.46690421696438,0.48171499086106
ukb-b-7478,ukb-b-8909,1.1324986020471728,0.136249183297306
ukb-b-7478,ukb-b-7859,4.972445092780085,0.352558211941566
ukb-b-7478,ukb-b-20188,0.4943590406539777,0.0656005999437523
ukb-b-7478,ukb-b-9685,173.71189773282865,0.360112063149506
ukb-b-7478,ukb-b-18377,0.2148879820916021,0.0422307926864699
ukb-b-7478,ukb-b-16698,20.228072994641725,0.330696756855728
ukb-b-7478,ukb-b-17409,175.1478885615478,0.363055528522895
ukb-b-7478,ukb-b-16881,28.90133163657023,0.328975764310777
ukb-b-7478,ukb-b-14310,100.48355812832668,0.262757977473102
ukb-b-7478,ukb-b-19921,4.712343078756332,0.346250974900616
ukb-b-7478,ukb-b-19520,44.20277141813562,0.33202302904213
ukb-b-7478,ukb-b-12828,26.144193032633797,0.252304650480504
ukb-b-7478,ukb-b-16446,32.86826532888861,0.308354064647896
ukb-b-7478,ukb-b-5262,0.0937241555233879,0.0031154598303969
ukb-b-7478,ukb-b-12854,3.4048259108123697,0.245062753383679
ukb-b-7478,ukb-b-14540,42.58243899725904,0.326320108761526
ukb-b-7478,ukb-b-20531,0.8372938027357605,0.127169133003622
ukb-b-7478,ukb-b-13354,41.5698119149876,0.319432188332294
ukb-b-7478,ukb-b-19379,4.494140737332657,0.273510294223195
ukb-b-16881,ukb-b-7478,129.4339625834297,0.198121728811367
ukb-b-16881,ukb-b-10787,318.8596160496588,0.794703018025
ukb-b-16881,ukb-b-10215,147.77337776541242,0.219718194567987
ukb-b-16881,ukb-b-9093,318.8596160496588,0.422945798821859
ukb-b-16881,ukb-b-17271,318.8596160496588,0.405672772001127
ukb-b-16881,ukb-b-13354,318.8596160496588,0.468459812273995
ukb-b-16881,ukb-b-19925,318.8596160496588,0.4206811975158
ukb-b-16881,ukb-b-19657,318.8596160496588,0.362880881630833
ukb-b-16881,ukb-b-19379,0.1217318058034503,0.0080658846212649
ukb-b-16881,ukb-b-16099,318.8596160496588,0.412552758999195
ukb-b-16881,ukb-b-7953,318.8596160496588,0.444699725485266
ukb-b-16881,ukb-b-7859,6.967366323095093,0.0900330434661187
ukb-b-16881,ukb-b-12039,207.10679129845224,0.434985485291641
ukb-b-16881,ukb-b-11842,201.80528033089288,0.438557097201318
ukb-b-16881,ukb-b-9685,318.8596160496588,0.479236737858185
ukb-b-16881,ukb-b-18377,8.569560502231331,0.092213051127066
ukb-b-16881,ukb-b-16698,318.8596160496588,0.440622924462192
ukb-b-16881,ukb-b-17409,318.8596160496588,0.488219221457514
ukb-b-16881,ukb-b-14310,318.8596160496588,0.409750397820105
ukb-b-16881,ukb-b-19520,318.8596160496588,0.440400458385269
ukb-b-16881,ukb-b-16446,318.8596160496588,0.466815785714066
ukb-b-16881,ukb-b-12828,318.8596160496588,0.415708609239544
ukb-b-16881,ukb-b-5262,2.2697203614313533,0.0211831803368048
ukb-b-16881,ukb-b-14540,318.8596160496588,0.463540426234662
ukb-b-16881,ukb-b-20531,10.063431969712626,0.107380358791431
ukb-b-7178,ukb-b-11297,27.50274141922551,0.44131383565767
ukb-b-12039,ukb-b-10787,37.30639676309608,0.151824138935713
ukb-b-12039,ukb-b-9405,318.8596160496588,0.703663556251893
ukb-b-12039,ukb-b-15590,318.8596160496588,0.96661650101371
ukb-b-12039,ukb-b-4080,318.8596160496588,0.654413880554506
ukb-b-12039,ukb-b-9093,318.8596160496588,0.622190759391531
ukb-b-12039,ukb-b-17271,270.4216206086444,0.670945539545082
ukb-b-12039,ukb-b-19925,251.3483427503684,0.617983127998003
ukb-b-12039,ukb-b-19393,318.8596160496588,0.771895127468473
ukb-b-12039,ukb-b-16099,269.902702644598,0.672563674061975
ukb-b-12039,ukb-b-8338,318.8596160496588,0.850702561315656
ukb-b-12039,ukb-b-7859,19.499277004701224,0.395356203767201
ukb-b-12039,ukb-b-14068,55.12415500878532,0.539522035545104
ukb-b-12039,ukb-b-11842,219.3316276768425,0.980596089566186
ukb-b-12039,ukb-b-9685,215.75726339836123,0.550132892569959
ukb-b-12039,ukb-b-7376,55.38522042602362,0.54329121100864
ukb-b-12039,ukb-b-16698,318.8596160496588,0.592168968319412
ukb-b-12039,ukb-b-17409,216.3770960430037,0.553484256566632
ukb-b-12039,ukb-b-16881,108.04756946157464,0.370653991939815
ukb-b-12039,ukb-b-14310,256.91896476189777,0.653419375262118
ukb-b-12039,ukb-b-19953,134.4046066068646,0.551257849571125
ukb-b-12039,ukb-b-2303,116.33015234458288,0.534650086782128
ukb-b-12039,ukb-b-19921,23.83498095231497,0.499038226064938
ukb-b-12039,ukb-b-19520,242.18452030967407,0.596403175485239
ukb-b-12039,ukb-b-20044,318.8596160496588,0.785467059831465
ukb-b-12039,ukb-b-16446,244.2391331061416,0.692215336611933
ukb-b-12039,ukb-b-12828,257.123289031887,0.658715672647129
ukb-b-12039,ukb-b-6704,318.8596160496588,0.748749164590801
ukb-b-12039,ukb-b-14540,226.41086381043505,0.608042903606916
ukb-b-12039,ukb-b-19379,20.890178108753734,0.378804106472799
ukb-b-12039,ukb-b-13354,225.71942500992185,0.608842774498459
ukb-b-2303,ukb-b-9405,318.8596160496588,0.72755593806151
ukb-b-2303,ukb-b-15590,318.8596160496588,0.779471549011984
ukb-b-2303,ukb-b-19393,318.8596160496588,0.834320193988609
ukb-b-2303,ukb-b-16099,217.46425157458987,0.47389914780052
ukb-b-2303,ukb-b-8338,213.2143415858785,0.869767496975564
ukb-b-2303,ukb-b-8909,318.8596160496588,0.617310546078742
ukb-b-2303,ukb-b-20188,318.8596160496588,0.633217992669639
ukb-b-2303,ukb-b-7212,237.7998612535704,0.719552361621117
ukb-b-2303,ukb-b-14068,30.55174994959641,0.520057849352662
ukb-b-2303,ukb-b-12039,251.23392197989145,0.760818484696586
ukb-b-2303,ukb-b-11842,244.0043670648038,0.757114455385757
ukb-b-2303,ukb-b-7376,30.691946547005617,0.526010496317347
ukb-b-2303,ukb-b-19953,191.08909305077933,0.984014414264695
ukb-b-2303,ukb-b-19921,21.56948372075456,0.438387553157848
ukb-b-2303,ukb-b-20044,318.8596160496588,0.825322881589625
ukb-b-2303,ukb-b-16446,220.62573708183592,0.484187944116498
ukb-b-2303,ukb-b-6704,214.4597643569856,0.874704205927238
ukb-b-2303,ukb-b-18096,318.8596160496588,0.730305199597961
ukb-b-2303,ukb-b-16407,318.8596160496588,0.697698229674197
ukb-b-2303,ukb-b-12854,318.8596160496588,0.645507725740992
ukb-b-6445,ukb-b-10787,31.727101228214327,0.640040240346308
ukb-b-6445,ukb-b-17271,29.416460709096416,0.830285421653764
ukb-b-6445,ukb-b-9093,297.99078404738424,0.616488074074196
ukb-b-6445,ukb-b-19925,318.8596160496588,0.554094451178123
ukb-b-6445,ukb-b-16099,40.660636172740496,0.837219381688785
ukb-b-6445,ukb-b-7859,0.2889215684144007,0.132867470706317
ukb-b-6445,ukb-b-9685,1.2349658135230617,0.285393632812365
ukb-b-6445,ukb-b-18377,7.931281144704727,0.411038763515921
ukb-b-6445,ukb-b-16698,11.286161180597404,0.616376989258071
ukb-b-6445,ukb-b-17409,1.278934138247432,0.293217705583763
ukb-b-6445,ukb-b-14310,31.14792614290313,0.883446811849663
ukb-b-6445,ukb-b-19921,1.3492731404788303,0.451928471250605
ukb-b-6445,ukb-b-19520,318.8596160496588,0.608625374882211
ukb-b-6445,ukb-b-12828,29.684628751348598,0.895514396081239
ukb-b-6445,ukb-b-16446,42.820113368361234,0.809822993912673
ukb-b-6445,ukb-b-5262,2.932532861602281,0.157028804729011
ukb-b-6445,ukb-b-20531,5.533632969672781,0.425247689668331
ukb-b-6445,ukb-b-14540,318.8596160496588,0.840541903691989
ukb-b-6445,ukb-b-13354,75.35603077853492,0.848747975051774
ukb-b-6445,ukb-b-19379,0.2132385112610226,0.103533195755238
ukb-b-5447,ukb-b-1096,80.29378940185869,1.01950175734037
ukb-b-10591,ukb-b-11578,0.6249158418956635,0.235575420043191
ukb-b-11842,ukb-b-10787,140.76654379868808,0.421355916469486
ukb-b-11842,ukb-b-9405,318.8596160496588,0.716396762139926
ukb-b-11842,ukb-b-15590,318.8596160496588,0.874023198959099
ukb-b-11842,ukb-b-4080,318.8596160496588,0.674914670544119
ukb-b-11842,ukb-b-9093,261.93769654440456,0.614527043449806
ukb-b-11842,ukb-b-17271,272.1040763705376,0.671195799503689
ukb-b-11842,ukb-b-19925,318.8596160496588,0.617036980566872
ukb-b-11842,ukb-b-19393,137.37906073644697,0.755233907265683
ukb-b-11842,ukb-b-16099,318.8596160496588,0.672500487406941
ukb-b-11842,ukb-b-8338,318.8596160496588,0.789072592765224
ukb-b-11842,ukb-b-7859,17.214544225483294,0.383265969101164
ukb-b-11842,ukb-b-14068,27.591038614933904,0.588328447540541
ukb-b-11842,ukb-b-12039,139.87426384826287,0.985983141597529
ukb-b-11842,ukb-b-9685,222.0890344235559,0.54181152005995
ukb-b-11842,ukb-b-7376,61.34624836098414,0.573506700054605
ukb-b-11842,ukb-b-16698,318.8596160496588,0.585644319110059
ukb-b-11842,ukb-b-17409,222.59583733546327,0.544143701499622
ukb-b-11842,ukb-b-16881,108.09694116030376,0.357900310998687
ukb-b-11842,ukb-b-14310,318.8596160496588,0.649846583591313
ukb-b-11842,ukb-b-19953,10.195803411536442,0.717788816657992
ukb-b-11842,ukb-b-2303,173.6102393159514,0.631602201265581
ukb-b-11842,ukb-b-19921,23.712269467229397,0.50962810507144
ukb-b-11842,ukb-b-19520,318.8596160496588,0.591510411327459
ukb-b-11842,ukb-b-20044,151.08860504129717,0.792292280020838
ukb-b-11842,ukb-b-16446,318.8596160496588,0.663462070876751
ukb-b-11842,ukb-b-12828,261.83190797715525,0.657476713034892
ukb-b-11842,ukb-b-6704,318.8596160496588,0.849431133235736
ukb-b-11842,ukb-b-14540,239.07783880991877,0.602816614249614
ukb-b-11842,ukb-b-19379,26.62087663722044,0.439157353441896
ukb-b-11842,ukb-b-13354,318.8596160496588,0.587225457954049
ukb-b-12019,ukb-b-10787,4.183867549136304,0.360850191512095
ukb-b-12019,ukb-b-10215,24.94132742841224,0.24065520644105
ukb-b-12019,ukb-b-19657,50.314027705508245,0.762137368781657
ukb-b-12019,ukb-b-7953,72.3423582517092,0.52519125369707
ukb-b-12019,ukb-b-9685,9.36444766479002,0.1400256996952
ukb-b-12019,ukb-b-16698,210.06536141232655,0.283248499285084
ukb-b-12019,ukb-b-17409,9.699964150188029,0.136194164574033
ukb-b-12019,ukb-b-14310,9.329070202999604,0.138202392745621
ukb-b-12019,ukb-b-19520,213.7275773739853,0.286177268074435
ukb-b-12019,ukb-b-12828,7.822702377797107,0.136242183822159
ukb-b-12019,ukb-b-14540,80.11072052521097,0.293390140347716
ukb-b-12019,ukb-b-13354,0.2998662064016818,0.0263986434386496
ukb-b-12019,ukb-b-7478,17.195330261918105,0.194257038976239
ukb-b-1096,ukb-b-5447,318.8596160496588,0.90385878171745
ukb-b-16812,ukb-b-17381,34.76078538037799,0.892012835939427
ukb-b-19393,ukb-b-9405,318.8596160496588,0.769308723433851
ukb-b-19393,ukb-b-15590,318.8596160496588,0.892277306935623
ukb-b-19393,ukb-b-8338,318.8596160496588,0.959148301018932
ukb-b-19393,ukb-b-8909,318.8596160496588,0.683954727750503
ukb-b-19393,ukb-b-20188,318.8596160496588,0.697465748372084
ukb-b-19393,ukb-b-7212,318.8596160496588,0.768332597024643
ukb-b-19393,ukb-b-12039,318.8596160496588,0.848810622550073
ukb-b-19393,ukb-b-11842,318.8596160496588,0.841690085005655
ukb-b-19393,ukb-b-18377,318.8596160496588,0.527692487379472
ukb-b-19393,ukb-b-19953,318.8596160496588,0.907537400487076
ukb-b-19393,ukb-b-2303,318.8596160496588,0.890446717487546
ukb-b-19393,ukb-b-20044,247.44669530170148,0.963502259914799
ukb-b-19393,ukb-b-6704,318.8596160496588,0.957097856387632
ukb-b-19393,ukb-b-18096,318.8596160496588,0.771234075246389
ukb-b-19393,ukb-b-16407,234.64165355601108,0.789322077320645
ukb-b-19393,ukb-b-12854,318.8596160496588,0.694101883432181
ukb-b-19393,ukb-b-20531,318.8596160496588,0.52769009965338
ukb-b-20292,ukb-b-3656,37.06937744929604,1.14954842887051
ukb-b-14609,ukb-b-10753,24.790748635695195,1.48544250591706
ukb-b-3822,ukb-b-5664,18.396688135004243,0.655772868808909
ukb-b-3822,ukb-b-1419,9.141739785155188,0.784467134554014
ukb-b-2002,ukb-b-4461,49.59692846948696,0.863640499398725
ukb-b-14180,ukb-b-19809,77.98815131931237,0.739576269365834
ukb-b-14180,ukb-b-18994,63.86988641964504,0.624621441484018
ukb-b-17381,ukb-b-16812,3.384459011453341,0.734248287189548
ukb-b-3793,ukb-b-11025,2.543181261675148,0.208862134614233
ukb-b-19957,ukb-b-20544,29.17648123361659,0.8676531533037
ukb-b-3666,ukb-b-3304,8.747777118276897,0.531174237318283
ukb-b-12854,ukb-b-7478,0.3233877327349603,0.0253274286536275
ukb-b-12854,ukb-b-10787,3.2056122933593496,0.0849901379009237
ukb-b-12854,ukb-b-10215,8.083787803382636,0.0770450449706322
ukb-b-12854,ukb-b-19393,318.8596160496588,1.221821640804
ukb-b-12854,ukb-b-8338,218.5226013583404,1.24897680500792
ukb-b-12854,ukb-b-7953,2.962358639616144,0.22341258270287
ukb-b-12854,ukb-b-8909,318.8596160496588,0.953626154217111
ukb-b-12854,ukb-b-20188,161.0896456184207,0.962837048094825
ukb-b-12854,ukb-b-7212,318.8596160496588,0.955915352224943
ukb-b-12854,ukb-b-18377,318.8596160496588,0.709778887410486
ukb-b-12854,ukb-b-19953,318.8596160496588,1.2440862441025
ukb-b-12854,ukb-b-2303,318.8596160496588,1.24249558344956
ukb-b-12854,ukb-b-20044,31.019482569417303,0.844847451850332
ukb-b-12854,ukb-b-6704,27.18103267060652,0.81397753007395
ukb-b-12854,ukb-b-5262,3.6210371506639594,0.0667726109335361
ukb-b-12854,ukb-b-18096,120.61137895162273,0.836394414783181
ukb-b-12854,ukb-b-16407,318.8596160496588,1.06746732658742
ukb-b-12854,ukb-b-20531,223.86301736798305,0.706222428182701
ukb-b-11075,ukb-b-14238,162.25649789909923,0.898652757041234
ukb-b-19809,ukb-b-18994,30.074363774314357,0.674983640098221
ukb-b-19809,ukb-b-14180,30.80089257957079,0.676590805410396
ukb-b-12841,ukb-b-11297,1.8943946921491623,0.227330307956989
ukb-b-12841,ukb-b-16858,32.803244286033284,0.823659260712015
ukb-b-20544,ukb-b-19957,48.32821589962558,0.549733677943797
ukb-b-13352,ukb-b-14177,25.481271323733992,0.948709092408654
ukb-b-11598,ukb-b-8778,0.087346703965165,0.33763643446109
ukb-b-11598,ukb-b-11971,3.183600730125568,0.355412648120321
ukb-b-12828,ukb-b-7478,88.47861313855661,0.248906469428174
ukb-b-12828,ukb-b-10787,318.8596160496588,0.872919754393394
ukb-b-12828,ukb-b-9405,197.5899707478653,0.509470860267678
ukb-b-12828,ukb-b-10215,122.9838003642245,0.282123820970397
ukb-b-12828,ukb-b-5945,0.1948818034288877,0.0163465456001244
ukb-b-12828,ukb-b-12019,56.11832634705697,0.23679994941298
ukb-b-12828,ukb-b-9093,318.8596160496588,0.879383288177309
ukb-b-12828,ukb-b-17271,318.8596160496588,0.97174195798816
ukb-b-12828,ukb-b-19925,318.8596160496588,0.885240910394648
ukb-b-12828,ukb-b-6445,0.1608618361060536,0.0014483787326685
ukb-b-12828,ukb-b-19657,92.67585711819832,0.301135810514145
ukb-b-12828,ukb-b-16099,318.8596160496588,0.980698015649696
ukb-b-12828,ukb-b-7953,136.36380645382405,0.388626188761135
ukb-b-12828,ukb-b-7859,23.43645477677029,0.454175724016447
ukb-b-12828,ukb-b-14068,24.104915013154457,0.46689822281209
ukb-b-12828,ukb-b-12039,318.8596160496588,0.856902551368057
ukb-b-12828,ukb-b-11842,318.8596160496588,0.844944283756812
ukb-b-12828,ukb-b-9685,318.8596160496588,0.890151929094848
ukb-b-12828,ukb-b-18377,42.07521262115227,0.188783706001778
ukb-b-12828,ukb-b-7376,21.63559171204364,0.820710734388611
ukb-b-12828,ukb-b-16698,318.8596160496588,0.854794969331853
ukb-b-12828,ukb-b-17409,318.8596160496588,0.829878921469334
ukb-b-12828,ukb-b-16881,136.80134971512288,0.838381407366391
ukb-b-12828,ukb-b-14310,136.5016976797875,0.98931487829595
ukb-b-12828,ukb-b-19921,27.663999458779017,0.443255232257737
ukb-b-12828,ukb-b-19520,318.8596160496588,0.843870818997624
ukb-b-12828,ukb-b-16446,318.8596160496588,0.996901584242968
ukb-b-12828,ukb-b-5262,6.634062278991006,0.0368566132743205
ukb-b-12828,ukb-b-14540,318.8596160496588,0.896015188986168
ukb-b-12828,ukb-b-20531,32.58687788142193,0.173210257233396
ukb-b-12828,ukb-b-19379,29.36468425715293,0.406885007429689
ukb-b-12828,ukb-b-13354,318.8596160496588,0.903599833329984
ukb-b-17409,ukb-b-7478,195.76567735332023,0.326025000873297
ukb-b-17409,ukb-b-10787,318.8596160496588,1.03758934389025
ukb-b-17409,ukb-b-9405,318.8596160496588,0.361103167975473
ukb-b-17409,ukb-b-10215,229.297248500646,0.350120340379554
ukb-b-17409,ukb-b-5945,2.241998968196161,0.0933442054753953
ukb-b-17409,ukb-b-9093,318.8596160496588,0.896228786819328
ukb-b-17409,ukb-b-12019,73.82980024567614,0.258126389714462
ukb-b-17409,ukb-b-17271,318.8596160496588,0.803940022443034
ukb-b-17409,ukb-b-19925,318.8596160496588,0.89730426757201
ukb-b-17409,ukb-b-6445,0.2695293620780785,0.0022374490399022
ukb-b-17409,ukb-b-19657,176.1622963001624,0.409416867143293
ukb-b-17409,ukb-b-16099,318.8596160496588,0.806601110847979
ukb-b-17409,ukb-b-7953,266.0841606089632,0.494507924963262
ukb-b-17409,ukb-b-7859,15.088455569933164,0.503210739684549
ukb-b-17409,ukb-b-14068,26.618859174497093,0.373101732212854
ukb-b-17409,ukb-b-12039,318.8596160496588,0.78954053788958
ukb-b-17409,ukb-b-11842,318.8596160496588,0.782672973168145
ukb-b-17409,ukb-b-9685,318.8596160496588,0.993388224627623
ukb-b-17409,ukb-b-18377,0.5906214977157644,0.0320119992244918
ukb-b-17409,ukb-b-7376,16.79488434997229,0.516819375521324
ukb-b-17409,ukb-b-16698,318.8596160496588,0.888880468256095
ukb-b-17409,ukb-b-16881,318.8596160496588,0.907214397257278
ukb-b-17409,ukb-b-14310,318.8596160496588,0.814692360033256
ukb-b-17409,ukb-b-19921,23.735218062545773,0.332615499914678
ukb-b-17409,ukb-b-19520,318.8596160496588,0.894323907159958
ukb-b-17409,ukb-b-12828,318.8596160496588,0.819464846343488
ukb-b-17409,ukb-b-16446,318.8596160496588,0.897428988079416
ukb-b-17409,ukb-b-5262,0.2736907533112405,0.0147288234350169
ukb-b-17409,ukb-b-20531,0.702327236561769,0.0418392744087746
ukb-b-17409,ukb-b-14540,318.8596160496588,0.965903642896556
ukb-b-17409,ukb-b-19379,15.508614685272551,0.477960048412852
ukb-b-17409,ukb-b-13354,318.8596160496588,0.960984204991782
ukb-b-19925,ukb-b-7478,318.8596160496588,0.303971304950126
ukb-b-19925,ukb-b-10787,318.8596160496588,0.988710575981001
ukb-b-19925,ukb-b-9405,224.3543576542334,0.583354911049852
ukb-b-19925,ukb-b-10215,162.3376683069801,0.327174530983513
ukb-b-19925,ukb-b-5945,0.1217417541201814,0.0098588658087194
ukb-b-19925,ukb-b-9093,318.8596160496588,0.986479932239961
ukb-b-19925,ukb-b-17271,219.72824161756583,0.867954317435405
ukb-b-19925,ukb-b-6445,1.147371857095745,0.0071881890379138
ukb-b-19925,ukb-b-19657,112.93315963811744,0.361964926875893
ukb-b-19925,ukb-b-16099,318.8596160496588,0.866610995068376
ukb-b-19925,ukb-b-7953,129.6173504728333,0.399592837543314
ukb-b-19925,ukb-b-7859,20.670420993180212,0.561703809826777
ukb-b-19925,ukb-b-14068,28.3166917365904,0.470638021531578
ukb-b-19925,ukb-b-12039,318.8596160496588,1.11916398309634
ukb-b-19925,ukb-b-11842,318.8596160496588,1.12150044545351
ukb-b-19925,ukb-b-9685,178.0450438014721,0.900227882368342
ukb-b-19925,ukb-b-18377,23.971913788603345,0.160802015627854
ukb-b-19925,ukb-b-7376,27.91491489014837,0.481184981546399
ukb-b-19925,ukb-b-16698,318.8596160496588,0.951608283121649
ukb-b-19925,ukb-b-17409,318.8596160496588,0.990805649158507
ukb-b-19925,ukb-b-16881,201.8753970741423,0.636478669277495
ukb-b-19925,ukb-b-14310,233.14458368988824,0.866530495186019
ukb-b-19925,ukb-b-19921,27.962887084989383,0.457495117962683
ukb-b-19925,ukb-b-19520,318.8596160496588,0.963607866587722
ukb-b-19925,ukb-b-12828,221.0870015291346,0.865447474075429
ukb-b-19925,ukb-b-16446,318.8596160496588,1.04277171463858
ukb-b-19925,ukb-b-5262,0.5628675841940386,0.0217185969144105
ukb-b-19925,ukb-b-20531,39.5816469452626,0.169480476427787
ukb-b-19925,ukb-b-14540,145.43617125058378,0.936771177258728
ukb-b-19925,ukb-b-19379,28.641373683836395,0.416716364348548
ukb-b-19925,ukb-b-13354,318.8596160496588,1.01395156414092
ukb-b-19921,ukb-b-7478,2.5458414173198745,0.100857103490761
ukb-b-19921,ukb-b-9405,3.856376823365946,0.19501507027469
ukb-b-19921,ukb-b-10215,2.7993405254003974,0.148867820367424
ukb-b-19921,ukb-b-9093,32.644892636798694,0.4473583371014
ukb-b-19921,ukb-b-17271,23.98421368704276,0.389085755920598
ukb-b-19921,ukb-b-19925,32.01621845818888,0.47449564856391
ukb-b-19921,ukb-b-6445,0.0098094999393241,0.000479257329411
ukb-b-19921,ukb-b-16099,23.45926490078551,0.387228877986735
ukb-b-19921,ukb-b-7859,318.8596160496588,0.792026216474138
ukb-b-19921,ukb-b-14068,318.8596160496588,1.04580534075361
ukb-b-19921,ukb-b-12039,3.595929072092985,0.36603520664743
ukb-b-19921,ukb-b-11842,11.450024001654317,0.401119828940753
ukb-b-19921,ukb-b-9685,72.02715939208436,0.496306105030218
ukb-b-19921,ukb-b-7376,318.8596160496588,1.03441127717207
ukb-b-19921,ukb-b-16698,31.609725001128368,0.415895752420443
ukb-b-19921,ukb-b-17409,70.55251424064873,0.495618152440622
ukb-b-19921,ukb-b-14310,16.721286922657384,0.490040386028843
ukb-b-19921,ukb-b-19953,14.448116594979696,0.392590388919079
ukb-b-19921,ukb-b-2303,14.400592112309896,0.387515206161093
ukb-b-19921,ukb-b-19520,29.911548099078317,0.413396488986828
ukb-b-19921,ukb-b-12828,22.174924507185786,0.496000820041551
ukb-b-19921,ukb-b-16446,25.182390351869312,0.396935751504178
ukb-b-19921,ukb-b-5262,6.523851506102342,0.0230077009997364
ukb-b-19921,ukb-b-14540,61.491669257069546,0.500026356647089
ukb-b-19921,ukb-b-19379,318.8596160496588,0.78349616339548
ukb-b-19921,ukb-b-13354,61.400804555842896,0.505066814874847
ukb-b-5262,ukb-b-7478,1.416930606392934,0.322534516707364
ukb-b-5262,ukb-b-10787,8.665550329824514,0.615414712687817
ukb-b-5262,ukb-b-10215,0.5613398485564987,0.200812424994743
ukb-b-5262,ukb-b-5945,15.185376640445956,1.3477528525108
ukb-b-5262,ukb-b-9093,2.2392332981209435,0.161151257553372
ukb-b-5262,ukb-b-17271,1.812427115523625,0.195429421331558
ukb-b-5262,ukb-b-19925,2.4020556824581853,0.170274835782391
ukb-b-5262,ukb-b-6445,0.2704973621845085,0.0162778129386263
ukb-b-5262,ukb-b-16099,1.9570032546538492,0.153251795901444
ukb-b-5262,ukb-b-8909,1.2153006866914335,0.297472603899932
ukb-b-5262,ukb-b-7859,3.386025304558624,0.550019597844428
ukb-b-5262,ukb-b-20188,2.671636369326065,0.484286884000512
ukb-b-5262,ukb-b-9685,3.181796635312512,0.276905996695098
ukb-b-5262,ukb-b-18377,0.0304630519665731,0.0199141825059105
ukb-b-5262,ukb-b-16698,0.5426328518143555,0.105513998306917
ukb-b-5262,ukb-b-17409,3.5552870300353607,0.286048661771804
ukb-b-5262,ukb-b-16881,7.557715606974529,0.417171512900515
ukb-b-5262,ukb-b-14310,2.339027300723325,0.175346409177203
ukb-b-5262,ukb-b-19921,11.261699121092544,0.549458791238421
ukb-b-5262,ukb-b-19520,2.877910617394854,0.170082399187349
ukb-b-5262,ukb-b-12828,3.095891360428394,0.185848744074755
ukb-b-5262,ukb-b-16446,2.1517730430748,0.244809621769476
ukb-b-5262,ukb-b-12854,3.120624642060009,0.480585327539637
ukb-b-5262,ukb-b-20531,1.6202028180914565,0.291670077746012
ukb-b-5262,ukb-b-14540,3.9074961605009,0.215552032866552
ukb-b-5262,ukb-b-19379,11.491612596587126,0.546254819870474
ukb-b-5262,ukb-b-13354,3.854508347290204,0.208953759830184
ukb-b-8778,ukb-b-11598,9.482779226394198,0.585017789349591
ukb-b-11297,ukb-b-7178,19.580199753659283,0.650658591808555
ukb-b-11297,ukb-b-12841,4.74910695037492,0.0912518442021106
ukb-b-11297,ukb-b-16858,4.425503346784251,0.135874573285428
ukb-b-18377,ukb-b-7478,5.326512667707245,0.0789047002313604
ukb-b-18377,ukb-b-10787,1.2752353736281077,0.109141291858317
ukb-b-18377,ukb-b-10215,0.321842861047146,0.0319956202680616
ukb-b-18377,ukb-b-5945,1.003746210288669,0.0829860641527686
ukb-b-18377,ukb-b-9093,213.75514034282952,0.559146980264272
ukb-b-18377,ukb-b-17271,190.5432472547148,0.556953960950392
ukb-b-18377,ukb-b-19925,220.90319670060072,0.559913382518342
ukb-b-18377,ukb-b-6445,8.394957318216372,0.0426334883599937
ukb-b-18377,ukb-b-19657,10.43254174952414,0.313992729705643
ukb-b-18377,ukb-b-19393,25.25659166036244,0.739196467374433
ukb-b-18377,ukb-b-16099,185.0949192870611,0.563287406752593
ukb-b-18377,ukb-b-8338,318.8596160496588,1.39030622170919
ukb-b-18377,ukb-b-7953,6.960605538301482,0.251509382211995
ukb-b-18377,ukb-b-8909,79.80131661971882,0.954635650700508
ukb-b-18377,ukb-b-7859,14.34088228962758,0.550705422145235
ukb-b-18377,ukb-b-7212,318.8596160496588,1.2029173127371
ukb-b-18377,ukb-b-20188,318.8596160496588,1.10576348058024
ukb-b-18377,ukb-b-9685,103.2973433564462,0.363530532867615
ukb-b-18377,ukb-b-16698,203.6133499049712,0.510309287669934
ukb-b-18377,ukb-b-17409,101.01917498589744,0.367301710184758
ukb-b-18377,ukb-b-16881,0.3493849733034037,0.0493045501995546
ukb-b-18377,ukb-b-14310,159.7959926909292,0.513959100321252
ukb-b-18377,ukb-b-19520,318.8596160496588,0.448459573517222
ukb-b-18377,ukb-b-12828,161.38637695195737,0.527840167447676
ukb-b-18377,ukb-b-16446,211.48742188526137,0.595290861793725
ukb-b-18377,ukb-b-6704,318.8596160496588,1.39165770009574
ukb-b-18377,ukb-b-5262,4.101728889814212,0.0949685071740728
ukb-b-18377,ukb-b-18096,318.8596160496588,1.19536173962269
ukb-b-18377,ukb-b-16407,318.8596160496588,1.2671535630583
ukb-b-18377,ukb-b-12854,318.8596160496588,1.09171385914018
ukb-b-18377,ukb-b-14540,136.19850328562472,0.471505521933915
ukb-b-18377,ukb-b-20531,135.6853117018626,0.965178347877738
ukb-b-18377,ukb-b-19379,14.211522464837572,0.512489025734655
ukb-b-18377,ukb-b-13354,151.5431967018881,0.467613638890342
ukb-b-9093,ukb-b-7478,318.8596160496588,0.309682387655881
ukb-b-9093,ukb-b-10787,125.96856012382386,0.978273599087166
ukb-b-9093,ukb-b-9405,188.43117470749496,0.487542957701025
ukb-b-9093,ukb-b-10215,165.12598653834092,0.323301754202296
ukb-b-9093,ukb-b-5945,0.277975456008524,0.0185846918149755
ukb-b-9093,ukb-b-17271,217.5257118409263,0.876817988248361
ukb-b-9093,ukb-b-19925,318.8596160496588,0.994648449755577
ukb-b-9093,ukb-b-6445,0.2948141158846101,0.0089649377650756
ukb-b-9093,ukb-b-19657,97.55557693505035,0.342024977580364
ukb-b-9093,ukb-b-16099,318.8596160496588,0.877572143503033
ukb-b-9093,ukb-b-7953,102.7631282086262,0.391821927998555
ukb-b-9093,ukb-b-7859,24.38595827837437,0.38981809827991
ukb-b-9093,ukb-b-14068,29.16317723020964,0.476908939075384
ukb-b-9093,ukb-b-12039,318.8596160496588,1.09910751652116
ukb-b-9093,ukb-b-11842,318.8596160496588,1.09377288927472
ukb-b-9093,ukb-b-9685,318.8596160496588,1.00210385265814
ukb-b-9093,ukb-b-18377,21.30207643463832,0.14839608019474
ukb-b-9093,ukb-b-7376,29.7087373525772,0.501391105276408
ukb-b-9093,ukb-b-16698,318.8596160496588,0.963686625874586
ukb-b-9093,ukb-b-17409,318.8596160496588,1.00733381836179
ukb-b-9093,ukb-b-16881,318.8596160496588,0.878931889893015
ukb-b-9093,ukb-b-14310,318.8596160496588,0.870346748957127
ukb-b-9093,ukb-b-19921,23.403473561396957,0.439311161617494
ukb-b-9093,ukb-b-19520,318.8596160496588,0.972237779887815
ukb-b-9093,ukb-b-12828,318.8596160496588,0.872768796631656
ukb-b-9093,ukb-b-16446,77.13265377024743,0.943260409678544
ukb-b-9093,ukb-b-5262,1.2731886125083696,0.0417110831714249
ukb-b-9093,ukb-b-20531,19.20930836324852,0.139479051906191
ukb-b-9093,ukb-b-14540,318.8596160496588,1.02895542192203
ukb-b-9093,ukb-b-19379,12.287433862741052,0.529208561510306
ukb-b-9093,ukb-b-13354,117.56281277182111,0.935411422493013
ukb-b-4063,ukb-b-3656,49.6626553996108,0.68963654469835
ukb-b-8746,ukb-b-17360,5.25057611874494,0.752647308367302
ukb-b-10787,ukb-b-10215,318.8596160496588,0.230495646717022
ukb-b-10787,ukb-b-17271,272.6866347527514,0.387430831913982
ukb-b-10787,ukb-b-12019,139.40228356504952,0.222665775038282
ukb-b-10787,ukb-b-9093,318.8596160496588,0.408497758532258
ukb-b-10787,ukb-b-19925,318.8596160496588,0.423266912836609
ukb-b-10787,ukb-b-7478,99.85631249217032,0.201858268919045
ukb-b-10787,ukb-b-6445,0.077178741948468,0.000471543308908
ukb-b-10787,ukb-b-19657,318.8596160496588,0.358271952329719
ukb-b-10787,ukb-b-16099,318.8596160496588,0.404269831554033
ukb-b-10787,ukb-b-7953,318.8596160496588,0.422787309231448
ukb-b-10787,ukb-b-8909,0.6058903131378551,0.0286250957039225
ukb-b-10787,ukb-b-7859,21.878784994115247,0.0692725764648368
ukb-b-10787,ukb-b-20188,0.0060322364554172,0.027733968239233
ukb-b-10787,ukb-b-12039,318.8596160496588,0.409728030266826
ukb-b-10787,ukb-b-11842,318.8596160496588,0.410677016389001
ukb-b-10787,ukb-b-9685,318.8596160496588,0.487442906275883
ukb-b-10787,ukb-b-18377,0.0379508522713093,0.0436516814783103
ukb-b-10787,ukb-b-16698,318.8596160496588,0.407945320815263
ukb-b-10787,ukb-b-17409,318.8596160496588,0.491874325163889
ukb-b-10787,ukb-b-14310,318.8596160496588,0.398730448998794
ukb-b-10787,ukb-b-19520,318.8596160496588,0.407927735468678
ukb-b-10787,ukb-b-12828,318.8596160496588,0.401444456229835
ukb-b-10787,ukb-b-16446,318.8596160496588,0.438533414363359
ukb-b-10787,ukb-b-5262,0.4131370446884259,0.0038469268891901
ukb-b-10787,ukb-b-12854,0.0110947669039065,0.0351502724642796
ukb-b-10787,ukb-b-14540,318.8596160496588,0.457359311587534
ukb-b-10787,ukb-b-20531,0.0220589606411816,0.0373855055552064
ukb-b-10787,ukb-b-13354,318.8596160496588,0.462223523145204
ukb-b-10787,ukb-b-19379,23.840921328758505,0.0678136254743279
ukb-b-10787,ukb-b-16881,318.8596160496588,0.764908778335778
ukb-b-11535,ukb-b-14238,0.3010299956639812,0.77429602493302
ukb-b-16858,ukb-b-11297,4.219995058501495,0.368191076321564
ukb-b-16858,ukb-b-12841,5.689563196984088,0.431326022343282
ukb-b-7859,ukb-b-7478,4.52708714061856,0.228836862918531
ukb-b-7859,ukb-b-10787,3.534700893808569,0.0876134778489401
ukb-b-7859,ukb-b-9405,3.303668420478161,0.183902225872289
ukb-b-7859,ukb-b-10215,6.333874060187253,0.163914680726581
ukb-b-7859,ukb-b-5945,53.20395430872458,0.148088553489168
ukb-b-7859,ukb-b-9093,5.726000811396647,0.2928280137679
ukb-b-7859,ukb-b-17271,11.001726425265518,0.299875764155071
ukb-b-7859,ukb-b-19925,8.485992520576193,0.300883837522404
ukb-b-7859,ukb-b-6445,0.4605350235420475,0.0128034214959771
ukb-b-7859,ukb-b-16099,11.036591608988278,0.303300493839368
ukb-b-7859,ukb-b-14068,318.8596160496588,0.910071174056019
ukb-b-7859,ukb-b-12039,0.2404217932177225,0.0316794549188616
ukb-b-7859,ukb-b-11842,0.1704445290983174,0.0238515952776853
ukb-b-7859,ukb-b-9685,13.327883395773968,0.482575669125659
ukb-b-7859,ukb-b-18377,0.634865110298854,0.042509276545621
ukb-b-7859,ukb-b-7376,318.8596160496588,0.920831834375834
ukb-b-7859,ukb-b-16698,19.78038107998901,0.539628554786421
ukb-b-7859,ukb-b-16881,1.7173542871891163,0.126459245363693
ukb-b-7859,ukb-b-17409,27.129939533436666,0.600453890365633
ukb-b-7859,ukb-b-14310,6.770014608647368,0.225963925275636
ukb-b-7859,ukb-b-19921,318.8596160496588,0.865124927531833
ukb-b-7859,ukb-b-19520,27.779584582665752,0.502239071007879
ukb-b-7859,ukb-b-12828,12.665326883019311,0.305747744300274
ukb-b-7859,ukb-b-16446,4.903873654597835,0.211720370546306
ukb-b-7859,ukb-b-5262,15.172120700739598,0.0364968698335886
ukb-b-7859,ukb-b-14540,10.958193401328575,0.37890273108792
ukb-b-7859,ukb-b-20531,0.697084636494487,0.0591077763466727
ukb-b-7859,ukb-b-19379,318.8596160496588,0.97728766997431
ukb-b-7859,ukb-b-13354,16.14901525060019,0.590220254016796
ukb-b-9685,ukb-b-7478,180.0580873388065,0.328091638889667
ukb-b-9685,ukb-b-10787,195.239758902636,1.08738168082109
ukb-b-9685,ukb-b-9405,216.4230133573958,0.462358204192057
ukb-b-9685,ukb-b-10215,214.53340699976064,0.350362589122103
ukb-b-9685,ukb-b-5945,0.4142256388413147,0.0234332964495991
ukb-b-9685,ukb-b-9093,318.8596160496588,0.900876772821795
ukb-b-9685,ukb-b-12019,72.59059464523392,0.261988940943443
ukb-b-9685,ukb-b-17271,318.8596160496588,0.811267437469964
ukb-b-9685,ukb-b-19925,318.8596160496588,0.902994220343224
ukb-b-9685,ukb-b-6445,0.3570870471804237,0.0028266548235581
ukb-b-9685,ukb-b-19657,188.05214645843,0.434727308110724
ukb-b-9685,ukb-b-16099,318.8596160496588,0.813148113307972
ukb-b-9685,ukb-b-7953,230.00781401286477,0.511553438328205
ukb-b-9685,ukb-b-7859,14.878690552841942,0.504506237896672
ukb-b-9685,ukb-b-14068,26.28047211709845,0.376427688809823
ukb-b-9685,ukb-b-12039,318.8596160496588,0.793199825626004
ukb-b-9685,ukb-b-11842,318.8596160496588,0.790129982855298
ukb-b-9685,ukb-b-18377,0.664394580239667,0.0374156589701164
ukb-b-9685,ukb-b-7376,8.486173741774033,0.325635520029449
ukb-b-9685,ukb-b-16698,318.8596160496588,0.892356523834451
ukb-b-9685,ukb-b-17409,318.8596160496588,1.00243056704843
ukb-b-9685,ukb-b-16881,288.48968851901793,0.670867662293017
ukb-b-9685,ukb-b-14310,318.8596160496588,0.81716845059146
ukb-b-9685,ukb-b-19921,219.31214272012636,0.492329117304794
ukb-b-9685,ukb-b-19520,318.8596160496588,0.898115847910519
ukb-b-9685,ukb-b-12828,318.8596160496588,0.824292663472845
ukb-b-9685,ukb-b-16446,318.8596160496588,0.967962109738233
ukb-b-9685,ukb-b-5262,0.3015523574926545,0.010871155381132
ukb-b-9685,ukb-b-20531,0.3274907197004662,0.0148961310139231
ukb-b-9685,ukb-b-14540,318.8596160496588,0.936422993497419
ukb-b-9685,ukb-b-19379,16.534953818798456,0.486708091518879
ukb-b-9685,ukb-b-13354,318.8596160496588,0.936642829427019
ukb-b-19953,ukb-b-9405,318.8596160496588,0.72675138366065
ukb-b-19953,ukb-b-15590,318.8596160496588,0.7977054343711
ukb-b-19953,ukb-b-19393,318.8596160496588,0.849088281308136
ukb-b-19953,ukb-b-8338,318.8596160496588,0.875018454075714
ukb-b-19953,ukb-b-8909,318.8596160496588,0.613270704447995
ukb-b-19953,ukb-b-20188,318.8596160496588,0.646667517316302
ukb-b-19953,ukb-b-7212,249.2800188479458,0.72177368369913
ukb-b-19953,ukb-b-14068,25.63527874065575,0.529582425928431
ukb-b-19953,ukb-b-12039,318.8596160496588,0.767941501414786
ukb-b-19953,ukb-b-11842,318.8596160496588,0.768045592408447
ukb-b-19953,ukb-b-7376,27.90406571205588,0.539917040878475
ukb-b-19953,ukb-b-2303,236.68850379564148,0.981764977088606
ukb-b-19953,ukb-b-19921,34.45804954111685,0.517664235500856
ukb-b-19953,ukb-b-20044,318.8596160496588,0.832489585598296
ukb-b-19953,ukb-b-16446,218.762319632894,0.478422373287595
ukb-b-19953,ukb-b-6704,223.3019773086821,0.884936934909279
ukb-b-19953,ukb-b-18096,256.6587001849482,0.737180875679783
ukb-b-19953,ukb-b-16407,318.8596160496588,0.68222315675527
ukb-b-19953,ukb-b-12854,318.8596160496588,0.645709823427303
ukb-b-7773,ukb-b-14521,1.8006938325846564,0.112686167817342
ukb-b-7773,ukb-b-10415,2.793743553000582,0.623330473679247
ukb-b-13354,ukb-b-7478,141.7533669715077,0.293386444407041
ukb-b-13354,ukb-b-10787,318.8596160496588,1.01807144605757
ukb-b-13354,ukb-b-9405,318.8596160496588,0.413577367096328
ukb-b-13354,ukb-b-10215,318.8596160496588,0.324536887449005
ukb-b-13354,ukb-b-5945,0.0824300723857352,0.0076039322756085
ukb-b-13354,ukb-b-12019,77.57037892218018,0.263402787631386
ukb-b-13354,ukb-b-9093,318.8596160496588,0.913667473298648
ukb-b-13354,ukb-b-17271,318.8596160496588,0.915771831379347
ukb-b-13354,ukb-b-19925,318.8596160496588,0.914450510675451
ukb-b-13354,ukb-b-6445,0.0792635095456968,0.0007691959089652
ukb-b-13354,ukb-b-19657,173.58310031927226,0.406462976009492
ukb-b-13354,ukb-b-16099,318.8596160496588,0.925444614568778
ukb-b-13354,ukb-b-7953,212.6723888634462,0.494897499867195
ukb-b-13354,ukb-b-7859,14.948243614715278,0.512162122327985
ukb-b-13354,ukb-b-14068,29.666998455684247,0.422604039357821
ukb-b-13354,ukb-b-12039,318.8596160496588,0.833480660749538
ukb-b-13354,ukb-b-11842,248.6546118910048,1.03055748674657
ukb-b-13354,ukb-b-9685,318.8596160496588,0.9687134411966
ukb-b-13354,ukb-b-18377,13.442569728467571,0.0915561992983693
ukb-b-13354,ukb-b-7376,25.38491519185365,0.658680147855349
ukb-b-13354,ukb-b-16698,316.56763739697715,0.886830265081204
ukb-b-13354,ukb-b-16881,181.1488546212374,0.93287757623693
ukb-b-13354,ukb-b-17409,318.8596160496588,0.923348546821548
ukb-b-13354,ukb-b-14310,318.8596160496588,0.927972636287812
ukb-b-13354,ukb-b-19921,27.204841100601776,0.391164966016932
ukb-b-13354,ukb-b-19520,318.8596160496588,0.894055865148783
ukb-b-13354,ukb-b-16446,164.28118788570902,0.95520263365053
ukb-b-13354,ukb-b-12828,318.8596160496588,0.937462434856755
ukb-b-13354,ukb-b-5262,0.0931374345673201,0.0057553162352501
ukb-b-13354,ukb-b-14540,161.2316976145147,0.996682124882189
ukb-b-13354,ukb-b-20531,1.0653863239831534,0.0201613699824633
ukb-b-13354,ukb-b-19379,23.85251491799783,0.557481905251443
ukb-b-10215,ukb-b-10787,16.95720104592297,0.290888225116233
ukb-b-10215,ukb-b-17271,16.968995647015515,0.325220295795969
ukb-b-10215,ukb-b-12019,49.90633384282219,0.424501931702567
ukb-b-10215,ukb-b-9093,33.727120312073055,0.377749854766787
ukb-b-10215,ukb-b-19925,32.51779386654389,0.367944660496508
ukb-b-10215,ukb-b-7478,112.53467728547804,0.897444925203208
ukb-b-10215,ukb-b-19657,61.01999221953443,0.497102006344477
ukb-b-10215,ukb-b-16099,318.8596160496588,0.53815836915783
ukb-b-10215,ukb-b-7953,45.369818118314086,0.504745026512326
ukb-b-10215,ukb-b-8909,0.6130124507015327,0.0882502464514584
ukb-b-10215,ukb-b-7859,5.061962488712658,0.23186274886539
ukb-b-10215,ukb-b-20188,0.7917606823222983,0.222917816401827
ukb-b-10215,ukb-b-9685,26.486599077175963,0.404725514109101
ukb-b-10215,ukb-b-18377,0.8188123837620264,0.115132002200353
ukb-b-10215,ukb-b-16698,78.55182242150852,0.512899746883581
ukb-b-10215,ukb-b-16881,3.589701354203324,0.243969997218394
ukb-b-10215,ukb-b-17409,26.28577149960282,0.403719941722784
ukb-b-10215,ukb-b-14310,23.639642353537145,0.514923277421716
ukb-b-10215,ukb-b-19921,4.676735658224201,0.329807306526397
ukb-b-10215,ukb-b-19520,41.11673812611252,0.334669681517785
ukb-b-10215,ukb-b-12828,23.5211097799135,0.516840006632003
ukb-b-10215,ukb-b-16446,34.71653020048281,0.308311709758752
ukb-b-10215,ukb-b-5262,0.3140007537183945,0.0091403204649847
ukb-b-10215,ukb-b-12854,0.7917664124107513,0.219568820362171
ukb-b-10215,ukb-b-14540,42.71726266096493,0.341708664427422
ukb-b-10215,ukb-b-20531,0.9984802219333604,0.153950311992495
ukb-b-10215,ukb-b-13354,30.84024816924667,0.618582089742448
ukb-b-10215,ukb-b-19379,3.6320324999884255,0.243676776617755
ukb-b-7212,ukb-b-15590,110.58066981470056,0.868011082786426
ukb-b-7212,ukb-b-19393,318.8596160496588,1.18322673151223
ukb-b-7212,ukb-b-8338,318.8596160496588,0.948046714171402
ukb-b-7212,ukb-b-8909,318.8596160496588,0.821997079498013
ukb-b-7212,ukb-b-20188,318.8596160496588,0.809583974304902
ukb-b-7212,ukb-b-18377,318.8596160496588,0.678526217004113
ukb-b-7212,ukb-b-19953,318.8596160496588,1.16315943129598
ukb-b-7212,ukb-b-2303,318.8596160496588,1.17423115905656
ukb-b-7212,ukb-b-20044,318.8596160496588,0.913345605010015
ukb-b-7212,ukb-b-6704,318.8596160496588,1.17864533341038
ukb-b-7212,ukb-b-18096,107.0314229411603,0.980112361979836
ukb-b-7212,ukb-b-16407,318.8596160496588,0.934793339012579
ukb-b-7212,ukb-b-12854,318.8596160496588,0.819743115279744
ukb-b-7212,ukb-b-20531,318.8596160496588,0.67805428676432
ukb-b-19657,ukb-b-10787,45.18649850569741,0.352792300948005
ukb-b-19657,ukb-b-10215,62.75847892154181,0.266203103765215
ukb-b-19657,ukb-b-17271,86.7647343844889,0.346526411815631
ukb-b-19657,ukb-b-12019,318.8596160496588,0.589668782943828
ukb-b-19657,ukb-b-9093,58.97007763261035,0.291630513515731
ukb-b-19657,ukb-b-19925,56.62700852223603,0.287208913586721
ukb-b-19657,ukb-b-16099,78.10098440695114,0.337869218862654
ukb-b-19657,ukb-b-7953,201.97269919897437,0.787873290162293
ukb-b-19657,ukb-b-9685,50.97165293480762,0.26845868927847
ukb-b-19657,ukb-b-18377,2.408772922578508,0.0968215588414537
ukb-b-19657,ukb-b-16698,52.15766889003722,0.2561523591067
ukb-b-19657,ukb-b-17409,54.071704792638585,0.27101271192033
ukb-b-19657,ukb-b-16881,318.8596160496588,0.397770526629616
ukb-b-19657,ukb-b-14310,37.79579822512756,0.208703133931067
ukb-b-19657,ukb-b-19520,99.8212777456446,0.372731602927332
ukb-b-19657,ukb-b-12828,43.36747269535635,0.217240989286251
ukb-b-19657,ukb-b-16446,40.712386302942186,0.233879567150505
ukb-b-19657,ukb-b-14540,107.01702829418412,0.406560930604738
ukb-b-19657,ukb-b-20531,1.823181807315436,0.0894629479794866
ukb-b-19657,ukb-b-13354,318.8596160496588,0.440753304138284
ukb-b-19657,ukb-b-7478,58.91978657551287,0.247651884319786
ukb-b-2134,ukb-b-20261,53.42524512387455,0.384910522765953
ukb-b-18994,ukb-b-19809,74.59662712015539,0.751512940550968
ukb-b-18994,ukb-b-14180,62.38605959274144,0.803502807691933
ukb-b-2618,ukb-b-589,13.409288194629465,0.633498395645978
ukb-b-17271,ukb-b-7478,229.1307883406251,0.250589365720216
ukb-b-17271,ukb-b-10787,318.8596160496588,0.929742274925411
ukb-b-17271,ukb-b-9405,214.11081295270515,0.532085445230144
ukb-b-17271,ukb-b-10215,118.52025684020508,0.275254840138762
ukb-b-17271,ukb-b-5945,0.266668099355305,0.021506721714447
ukb-b-17271,ukb-b-4080,318.8596160496588,0.711034617482865
ukb-b-17271,ukb-b-9093,318.8596160496588,0.874295368615821
ukb-b-17271,ukb-b-19925,318.8596160496588,0.889792190638011
ukb-b-17271,ukb-b-6445,0.1079510919165845,0.0010505384078991
ukb-b-17271,ukb-b-19657,72.88195044802995,0.29860403821716
ukb-b-17271,ukb-b-16099,51.34458766315841,0.991993495329772
ukb-b-17271,ukb-b-7953,113.5821159451456,0.374017072393603
ukb-b-17271,ukb-b-7859,28.47478649116708,0.385340093272074
ukb-b-17271,ukb-b-14068,35.73092983286615,0.97678115874202
ukb-b-17271,ukb-b-12039,318.8596160496588,0.881719499457782
ukb-b-17271,ukb-b-11842,318.8596160496588,0.874379019063881
ukb-b-17271,ukb-b-9685,218.60154813014265,0.816745554943547
ukb-b-17271,ukb-b-18377,41.15760121491201,0.176492410417216
ukb-b-17271,ukb-b-7376,43.19073758819405,0.893867329286658
ukb-b-17271,ukb-b-16698,318.8596160496588,0.826786789676858
ukb-b-17271,ukb-b-17409,318.8596160496588,0.887792091470742
ukb-b-17271,ukb-b-16881,76.3432381123769,0.349760654348168
ukb-b-17271,ukb-b-14310,318.8596160496588,0.988796676994774
ukb-b-17271,ukb-b-19921,37.42503604158419,0.687902054734964
ukb-b-17271,ukb-b-19520,318.8596160496588,0.834137651471352
ukb-b-17271,ukb-b-12828,318.8596160496588,0.997499561285091
ukb-b-17271,ukb-b-16446,318.8596160496588,1.00929826094556
ukb-b-17271,ukb-b-5262,34.857122188774774,0.0502511170511549
ukb-b-17271,ukb-b-14540,318.8596160496588,0.893766249406249
ukb-b-17271,ukb-b-20531,40.2134460738275,0.182108492523626
ukb-b-17271,ukb-b-19379,31.023461479538124,0.417498184768711
ukb-b-17271,ukb-b-13354,204.8130725215852,0.899474453884833
ukb-b-20531,ukb-b-7478,6.78558175234485,0.0852419401122202
ukb-b-20531,ukb-b-10787,2.4004856818464577,0.102960448735579
ukb-b-20531,ukb-b-10215,6.031942095803315,0.0808103205021633
ukb-b-20531,ukb-b-5945,3.0810764747596457,0.171543078946446
ukb-b-20531,ukb-b-9093,207.1978939259405,0.543818820045361
ukb-b-20531,ukb-b-17271,155.15379828358957,0.519731010551307
ukb-b-20531,ukb-b-19925,92.63538349208127,0.528476503199009
ukb-b-20531,ukb-b-6445,8.57735707796891,0.042550915256486
ukb-b-20531,ukb-b-19657,3.3413094162256614,0.157189226439966
ukb-b-20531,ukb-b-19393,32.16126509354066,0.735648668614205
ukb-b-20531,ukb-b-16099,158.48602437903847,0.53529849401473
ukb-b-20531,ukb-b-8338,42.6770468128724,0.75325410825245
ukb-b-20531,ukb-b-7953,5.712370493981079,0.250798144355135
ukb-b-20531,ukb-b-8909,318.8596160496588,1.13058583012333
ukb-b-20531,ukb-b-7859,2.3256345135608623,0.39600868258113
ukb-b-20531,ukb-b-7212,318.8596160496588,1.16196971968221
ukb-b-20531,ukb-b-20188,318.8596160496588,1.06410445851548
ukb-b-20531,ukb-b-9685,85.15475428888253,0.348012605788633
ukb-b-20531,ukb-b-18377,181.79748164757987,0.953869673898228
ukb-b-20531,ukb-b-16698,261.4373842062337,0.403254916899797
ukb-b-20531,ukb-b-16881,0.3483918437571464,0.0460171010512616
ukb-b-20531,ukb-b-17409,87.41033645696922,0.352725933951058
ukb-b-20531,ukb-b-14310,135.8645929565817,0.471338064982501
ukb-b-20531,ukb-b-19520,274.35635951019464,0.413719331659155
ukb-b-20531,ukb-b-12828,129.34794872386,0.469524070088953
ukb-b-20531,ukb-b-16446,194.19905184949943,0.565751240948098
ukb-b-20531,ukb-b-5262,3.772911302510368,0.0916162933789364
ukb-b-20531,ukb-b-6704,37.15095397120745,0.721389741461614
ukb-b-20531,ukb-b-18096,318.8596160496588,1.17022372957578
ukb-b-20531,ukb-b-16407,318.8596160496588,1.25520481625617
ukb-b-20531,ukb-b-12854,318.8596160496588,1.05837849411494
ukb-b-20531,ukb-b-14540,134.12566641194874,0.454573252380961
ukb-b-20531,ukb-b-19379,9.556273968182248,0.462268347235808
ukb-b-20531,ukb-b-13354,128.59064251184543,0.444467309139908
ukb-b-15590,ukb-b-9405,318.8596160496588,0.643202351742942
ukb-b-15590,ukb-b-19393,147.17460451862914,0.760165480662174
ukb-b-15590,ukb-b-8338,318.8596160496588,0.87431890686316
ukb-b-15590,ukb-b-7212,318.8596160496588,0.674086930967665
ukb-b-15590,ukb-b-12039,318.8596160496588,0.862482237386593
ukb-b-15590,ukb-b-11842,318.8596160496588,0.838608478727185
ukb-b-15590,ukb-b-19953,286.8043667441528,0.70777962910283
ukb-b-15590,ukb-b-2303,282.0245647335051,0.695616619947787
ukb-b-15590,ukb-b-20044,164.03376772573213,0.791048957898234
ukb-b-15590,ukb-b-6704,318.8596160496588,0.803561738315974
ukb-b-15590,ukb-b-18096,318.8596160496588,0.635373184545914
ukb-b-15590,ukb-b-16407,318.8596160496588,0.649983344473325
ukb-b-14238,ukb-b-11075,2.3162346341476203,0.772635319174366
ukb-b-14238,ukb-b-11535,3.516605639374939,0.582571630731453
ukb-b-16446,ukb-b-7478,141.15236091559242,0.283048270532112
ukb-b-16446,ukb-b-10787,66.70785305155017,0.463680654168417
ukb-b-16446,ukb-b-9405,195.15352683828883,0.492237082571856
ukb-b-16446,ukb-b-10215,144.3877683882345,0.287592805443536
ukb-b-16446,ukb-b-5945,0.068641019051303,0.0062931928036357
ukb-b-16446,ukb-b-4080,318.8596160496588,0.691132552160212
ukb-b-16446,ukb-b-9093,303.41440462213586,0.873944215057566
ukb-b-16446,ukb-b-17271,318.8596160496588,0.921721324128822
ukb-b-16446,ukb-b-19925,318.8596160496588,0.897042003241239
ukb-b-16446,ukb-b-6445,0.4253096873690933,0.0091607218713037
ukb-b-16446,ukb-b-19657,124.11911677213386,0.352672041668153
ukb-b-16446,ukb-b-16099,318.8596160496588,0.930659751357255
ukb-b-16446,ukb-b-7953,138.6340975262318,0.402474374657274
ukb-b-16446,ukb-b-7859,23.251337237634644,0.333322314354156
ukb-b-16446,ukb-b-14068,26.357619322760765,0.424547662586024
ukb-b-16446,ukb-b-12039,318.8596160496588,1.04387581205372
ukb-b-16446,ukb-b-11842,318.8596160496588,0.884165103074136
ukb-b-16446,ukb-b-9685,318.8596160496588,0.920220126096131
ukb-b-16446,ukb-b-18377,40.68639976802459,0.182872781478656
ukb-b-16446,ukb-b-7376,22.045852289218995,0.575576353569675
ukb-b-16446,ukb-b-16698,318.8596160496588,0.86366027625245
ukb-b-16446,ukb-b-16881,228.23164494723844,0.618816992347987
ukb-b-16446,ukb-b-17409,318.8596160496588,0.922737273347105
ukb-b-16446,ukb-b-14310,318.8596160496588,0.920022356475679
ukb-b-16446,ukb-b-19953,74.47434378627892,0.362233665204146
ukb-b-16446,ukb-b-2303,67.62220242924482,0.36715629910166
ukb-b-16446,ukb-b-19921,29.5796734500538,0.4116011834671
ukb-b-16446,ukb-b-19520,318.8596160496588,0.864787185790566
ukb-b-16446,ukb-b-12828,318.8596160496588,0.926561072614808
ukb-b-16446,ukb-b-5262,0.1155876140203551,0.0058877550717338
ukb-b-16446,ukb-b-14540,318.8596160496588,0.954285689125758
ukb-b-16446,ukb-b-20531,36.22810980424759,0.175459141129873
ukb-b-16446,ukb-b-19379,29.98329384658568,0.366084433620874
ukb-b-16446,ukb-b-13354,318.8596160496588,0.956561420481251
ukb-b-5664,ukb-b-3822,11.88870172448626,0.696090195904813
ukb-b-12405,ukb-b-8727,26.08326350040975,0.642433531626836
ukb-b-16698,ukb-b-7478,171.75672478425278,0.341701509831706
ukb-b-16698,ukb-b-10787,318.8596160496588,1.04084324505228
ukb-b-16698,ukb-b-9405,177.53705456602074,0.474687743174086
ukb-b-16698,ukb-b-10215,183.8703871066463,0.349965297033427
ukb-b-16698,ukb-b-5945,0.3821873597543685,0.0232963595551468
ukb-b-16698,ukb-b-12019,65.98617305289424,0.275402179834316
ukb-b-16698,ukb-b-9093,318.8596160496588,0.997069747250271
ukb-b-16698,ukb-b-17271,318.8596160496588,0.952794945703549
ukb-b-16698,ukb-b-19925,318.8596160496588,0.989158765842374
ukb-b-16698,ukb-b-6445,0.800183492975423,0.0054287679558765
ukb-b-16698,ukb-b-19657,133.08797922642052,0.396387926768926
ukb-b-16698,ukb-b-16099,318.8596160496588,0.963850765402308
ukb-b-16698,ukb-b-7953,106.92016271219298,0.416304524707807
ukb-b-16698,ukb-b-7859,18.02225713858151,0.576309222207537
ukb-b-16698,ukb-b-14068,21.21861288714601,0.436570474831605
ukb-b-16698,ukb-b-12039,126.55701759625072,0.831160364021217
ukb-b-16698,ukb-b-11842,318.8596160496588,1.07676628542636
ukb-b-16698,ukb-b-9685,318.8596160496588,1.034879342716
ukb-b-16698,ukb-b-18377,18.65580623898873,0.129952756468077
ukb-b-16698,ukb-b-7376,20.5490114194674,0.42945994859932
ukb-b-16698,ukb-b-17409,318.8596160496588,1.03877956006232
ukb-b-16698,ukb-b-16881,152.5423021348764,0.977518136892771
ukb-b-16698,ukb-b-14310,318.8596160496588,0.950038453087234
ukb-b-16698,ukb-b-19921,20.615195569152142,0.406197901667808
ukb-b-16698,ukb-b-19520,318.8596160496588,0.99605802798324
ukb-b-16698,ukb-b-12828,318.8596160496588,0.961281688583913
ukb-b-16698,ukb-b-16446,318.8596160496588,1.0589336854484
ukb-b-16698,ukb-b-5262,0.2077469461314514,0.0089672244203019
ukb-b-16698,ukb-b-20531,27.68277454937172,0.131405874185207
ukb-b-16698,ukb-b-14540,318.8596160496588,1.04594089829444
ukb-b-16698,ukb-b-19379,26.503748551542127,0.40902009075486
ukb-b-16698,ukb-b-13354,318.8596160496588,1.04558755759391
ukb-b-10415,ukb-b-14521,1.770931410889966,0.537509422205362
ukb-b-10415,ukb-b-7773,15.1886536198862,0.463375454592169
ukb-b-19379,ukb-b-7478,7.097760725471575,0.230776269968413
ukb-b-19379,ukb-b-10787,1.4788549643862805,0.0685845156591351
ukb-b-19379,ukb-b-9405,2.4721399627307474,0.160783113967122
ukb-b-19379,ukb-b-10215,5.60394717097544,0.177400411630043
ukb-b-19379,ukb-b-5945,19.4662065089739,0.0616838116183398
ukb-b-19379,ukb-b-9093,14.012716596894949,0.645337259547099
ukb-b-19379,ukb-b-17271,1.2608364398178762,0.132397614074907
ukb-b-19379,ukb-b-19925,18.8720230670568,0.621810504079276
ukb-b-19379,ukb-b-6445,0.0621893328601396,0.0006482182650894
ukb-b-19379,ukb-b-16099,1.548827535965466,0.141157407320903
ukb-b-19379,ukb-b-7859,318.8596160496588,0.965100282716188
ukb-b-19379,ukb-b-14068,318.8596160496588,0.893808818380425
ukb-b-19379,ukb-b-12039,0.5291571119923509,0.0628710788335191
ukb-b-19379,ukb-b-11842,0.4889991973413853,0.0492426616577917
ukb-b-19379,ukb-b-9685,13.427991780436178,0.505077370572159
ukb-b-19379,ukb-b-18377,6.546211639343498,0.0839302127422633
ukb-b-19379,ukb-b-7376,318.8596160496588,0.929822073057405
ukb-b-19379,ukb-b-16698,19.37101439108704,0.354547484278972
ukb-b-19379,ukb-b-16881,1.5525545146151007,0.126823242373839
ukb-b-19379,ukb-b-17409,13.493329473418274,0.510199870258655
ukb-b-19379,ukb-b-14310,7.616930251028087,0.259397040753807
ukb-b-19379,ukb-b-19921,318.8596160496588,0.982673706887965
ukb-b-19379,ukb-b-19520,15.64680432121772,0.383857894836792
ukb-b-19379,ukb-b-12828,8.416330047056787,0.277079776268337
ukb-b-19379,ukb-b-16446,5.680670564452404,0.214691506003571
ukb-b-19379,ukb-b-5262,17.25844343319721,0.0400549038368095
ukb-b-19379,ukb-b-14540,6.575850510099325,0.280186763002829
ukb-b-19379,ukb-b-20531,0.4355308685833544,0.0473839171719252
ukb-b-19379,ukb-b-13354,16.125843802452305,0.419242403661689
ukb-b-7953,ukb-b-10787,170.87764359892898,0.554021398848766
ukb-b-7953,ukb-b-10215,125.9088311706789,0.31517275849695
ukb-b-7953,ukb-b-17271,107.40590933033964,0.344731861041036
ukb-b-7953,ukb-b-12019,318.8596160496588,0.454181482875294
ukb-b-7953,ukb-b-9093,95.30051931672544,0.334648629621571
ukb-b-7953,ukb-b-19925,88.03914356149406,0.328894547263959
ukb-b-7953,ukb-b-19657,318.8596160496588,0.850944380043029
ukb-b-7953,ukb-b-16099,89.12758117606849,0.32529087840131
ukb-b-7953,ukb-b-8909,3.052828087815496,0.168883090405169
ukb-b-7953,ukb-b-20188,1.9385830590324695,0.154379724461695
ukb-b-7953,ukb-b-9685,318.8596160496588,0.443335192473931
ukb-b-7953,ukb-b-18377,5.645662457477038,0.135479259501541
ukb-b-7953,ukb-b-16698,81.670472723643,0.431929530836789
ukb-b-7953,ukb-b-17409,318.8596160496588,0.44599086747494
ukb-b-7953,ukb-b-16881,318.8596160496588,0.866450941254277
ukb-b-7953,ukb-b-14310,95.9334913159306,0.321092837161291
ukb-b-7953,ukb-b-19520,74.21776270189754,0.396402892843285
ukb-b-7953,ukb-b-12828,318.8596160496588,0.46092703206323
ukb-b-7953,ukb-b-16446,103.66360476175718,0.344314307932549
ukb-b-7953,ukb-b-12854,2.6479869022768665,0.122961125908959
ukb-b-7953,ukb-b-14540,318.8596160496588,0.411463877187593
ukb-b-7953,ukb-b-20531,4.294018515554765,0.123475198027062
ukb-b-7953,ukb-b-7478,128.36714814921535,0.297484379781858
ukb-b-7953,ukb-b-13354,318.8596160496588,0.416103410556614
ukb-b-20044,ukb-b-9405,318.8596160496588,0.733032900755599
ukb-b-20044,ukb-b-15590,318.8596160496588,0.866401925391095
ukb-b-20044,ukb-b-19393,169.05662985485677,0.947128685967363
ukb-b-20044,ukb-b-8338,318.8596160496588,0.913792174557209
ukb-b-20044,ukb-b-8909,318.8596160496588,0.684855494389384
ukb-b-20044,ukb-b-20188,318.8596160496588,0.65859713818924
ukb-b-20044,ukb-b-7212,318.8596160496588,0.72354752698717
ukb-b-20044,ukb-b-12039,318.8596160496588,0.797394834000426
ukb-b-20044,ukb-b-11842,318.8596160496588,0.814013426598747
ukb-b-20044,ukb-b-19953,318.8596160496588,0.813648301564545
ukb-b-20044,ukb-b-2303,318.8596160496588,0.805798688937603
ukb-b-20044,ukb-b-6704,318.8596160496588,0.910286313287661
ukb-b-20044,ukb-b-18096,318.8596160496588,0.722418585993567
ukb-b-20044,ukb-b-16407,209.16683947804256,0.795628833929268
ukb-b-20044,ukb-b-12854,318.8596160496588,0.660996235131905
ukb-b-9405,ukb-b-15590,318.8596160496588,0.989625955628487
ukb-b-9405,ukb-b-17271,182.29284162109076,0.589079379404165
ukb-b-9405,ukb-b-9093,318.8596160496588,0.526489304447326
ukb-b-9405,ukb-b-19925,318.8596160496588,0.524422494228827
ukb-b-9405,ukb-b-19393,318.8596160496588,1.07153847819087
ukb-b-9405,ukb-b-16099,182.5985010657869,0.591723524174897
ukb-b-9405,ukb-b-8338,318.8596160496588,1.08115482436672
ukb-b-9405,ukb-b-7859,14.095806737658537,0.395789572977688
ukb-b-9405,ukb-b-14068,30.318363984971583,0.593832439298016
ukb-b-9405,ukb-b-12039,318.8596160496588,0.958198599756022
ukb-b-9405,ukb-b-11842,318.8596160496588,0.973936871709932
ukb-b-9405,ukb-b-9685,237.3464394106281,0.412227989172387
ukb-b-9405,ukb-b-7376,31.168275310603,0.636638208493588
ukb-b-9405,ukb-b-16698,318.8596160496588,0.4973383167066
ukb-b-9405,ukb-b-17409,318.8596160496588,0.4166884054425
ukb-b-9405,ukb-b-14310,169.80515986208167,0.553074156436819
ukb-b-9405,ukb-b-19953,171.12116959404835,0.893259693417493
ukb-b-9405,ukb-b-2303,318.8596160496588,1.08361754025353
ukb-b-9405,ukb-b-19921,29.155605762304933,0.563170341984186
ukb-b-9405,ukb-b-19520,318.8596160496588,0.50360120567733
ukb-b-9405,ukb-b-20044,318.8596160496588,1.05240431895969
ukb-b-9405,ukb-b-12828,172.5222655425671,0.567394925718059
ukb-b-9405,ukb-b-16446,182.5352044645086,0.587163174296837
ukb-b-9405,ukb-b-6704,318.8596160496588,1.08175021178933
ukb-b-9405,ukb-b-14540,160.8176892995581,0.498529252752755
ukb-b-9405,ukb-b-13354,318.8596160496588,0.50342785755339
ukb-b-9405,ukb-b-19379,28.015281664073783,0.439190975612842
ukb-b-5945,ukb-b-7478,0.1311960535741106,0.0122617719816963
ukb-b-5945,ukb-b-9093,0.3453004789939541,0.0385449434235217
ukb-b-5945,ukb-b-17271,1.2126626709353614,0.0413687647079158
ukb-b-5945,ukb-b-19925,0.2585041363409994,0.0307944478987176
ukb-b-5945,ukb-b-16099,1.0762622160941948,0.0418778176255738
ukb-b-5945,ukb-b-7859,2.216292324053863,0.0762506863056436
ukb-b-5945,ukb-b-9685,3.620875963194594,0.0796334278401166
ukb-b-5945,ukb-b-18377,0.7774336185021804,0.0318644894724655
ukb-b-5945,ukb-b-16698,0.0852777755647836,0.0119496156194199
ukb-b-5945,ukb-b-17409,3.742009151375712,0.0777323136766307
ukb-b-5945,ukb-b-14310,0.9127340023856088,0.0353983017543184
ukb-b-5945,ukb-b-19520,0.3178738507748216,0.0350938783149274
ukb-b-5945,ukb-b-12828,1.083543516915226,0.0398860679735839
ukb-b-5945,ukb-b-16446,1.804477569731151,0.0551579260510768
ukb-b-5945,ukb-b-5262,55.2361741031104,0.399842080480658
ukb-b-5945,ukb-b-20531,0.6564753599077553,0.0292047981370278
ukb-b-5945,ukb-b-14540,4.6461525840204105,0.0877168894184633
ukb-b-5945,ukb-b-19379,2.322749723804246,0.0760208367761506
ukb-b-5945,ukb-b-13354,0.8872153105786913,0.0814360993936711
ukb-b-14540,ukb-b-7478,144.08429712921497,0.289660206142118
ukb-b-14540,ukb-b-10787,318.8596160496588,1.01274354658002
ukb-b-14540,ukb-b-9405,189.4527431760509,0.47995303799698
ukb-b-14540,ukb-b-10215,318.8596160496588,0.321540782551084
ukb-b-14540,ukb-b-5945,0.3672236711670353,0.0204298254370834
ukb-b-14540,ukb-b-12019,64.18754423244887,0.251888730713754
ukb-b-14540,ukb-b-9093,297.96973039259615,0.897021210306164
ukb-b-14540,ukb-b-17271,295.7110819856912,0.936468941682089
ukb-b-14540,ukb-b-19925,318.8596160496588,0.919800739177391
ukb-b-14540,ukb-b-6445,0.4690943963590212,0.008308731505804
ukb-b-14540,ukb-b-19657,138.0844695910099,0.395794560459873
ukb-b-14540,ukb-b-16099,290.6754229954031,0.940948401373771
ukb-b-14540,ukb-b-7953,209.9030473756176,0.490755105001323
ukb-b-14540,ukb-b-7859,16.01105293820788,0.518807548261772
ukb-b-14540,ukb-b-14068,29.17550567515543,0.42240553326183
ukb-b-14540,ukb-b-12039,318.8596160496588,1.03457206336674
ukb-b-14540,ukb-b-11842,183.22949833080295,0.83969304220788
ukb-b-14540,ukb-b-9685,318.8596160496588,0.97137591921232
ukb-b-14540,ukb-b-18377,22.97598861505891,0.0978445410200033
ukb-b-14540,ukb-b-7376,23.27886339446484,0.619566066588062
ukb-b-14540,ukb-b-16698,318.8596160496588,0.88653292616629
ukb-b-14540,ukb-b-16881,180.22398745170864,0.917145992953957
ukb-b-14540,ukb-b-17409,318.8596160496588,0.97867319262313
ukb-b-14540,ukb-b-14310,318.8596160496588,0.932285449202152
ukb-b-14540,ukb-b-19921,25.51266635148356,0.386780177287922
ukb-b-14540,ukb-b-19520,318.8596160496588,0.907276266685236
ukb-b-14540,ukb-b-16446,318.8596160496588,1.00929713351147
ukb-b-14540,ukb-b-12828,318.8596160496588,0.939463397230399
ukb-b-14540,ukb-b-5262,0.1322346855091256,0.0078741914107066
ukb-b-14540,ukb-b-20531,0.8183050948079634,0.0152496938622632
ukb-b-14540,ukb-b-19379,21.497690552998296,0.564046287685091
ukb-b-14540,ukb-b-13354,107.43631373881765,0.99166639684995
ukb-b-4461,ukb-b-2002,20.485971591284272,0.594002756767207
ukb-b-11971,ukb-b-11598,9.23777617494572,0.587730225442121
ukb-b-4068,ukb-b-589,4.198149067428685,0.611330491873863
ukb-b-4068,ukb-b-1431,81.92042469830942,0.685988886635847
